local_game,igdb_game_id,igdb_game_name
A Plague Tale Requiem,152242,A Plague Tale: Requiem
A Way Out,36897,A Way Out
Age of Empires,289,Age of Empires
Age of Empires II The Age of Kings,327,Age of Empires II: The Age of Kings
Age of Empires III,299,Age of Empires III
Age of Mythology,324,Age of Mythology
Alan Wake,1062,Alan Wake
Alan Wake 2 Deluxe Upgrade,305231,Alan Wake 2: Deluxe Upgrade
Alien Isolation,197779,Alien: Isolation
Amnesia The Dark Descent,111,Amnesia: The Dark Descent
Animal Crossing New Horizons - Nintendo Switch 2 Edition,375733,Animal Crossing: New Horizons - Nintendo Switch 2 Edition
Animal Well,191435,Animal Well
Apex Legends,114795,Apex Legends
Assassin's Creed,128,Assassin's Creed
Assassin's Creed Brotherhood,113,Assassin's Creed Brotherhood
Assassin's Creed II,127,Assassin's Creed II
Assassin's Creed II Game of the Year Edition + Assasin's Creed,353891,Assassin's Creed II Game of the Year Edition + Assasin's Creed
Assassin's Creed III,1266,Assassin's Creed III
Assassin's Creed IV Black Flag,1970,Assassin's Creed IV Black Flag
Assassin's Creed Odyssey,103054,Assassin's Creed Odyssey
Assassin's Creed Origins - Deluxe Edition,39034,Assassin's Creed: Origins - Deluxe Edition
Assassin's Creed Revelations,537,Assassin's Creed Revelations
Assassin's Creed Rogue,7570,Assassin's Creed Rogue
Assassin's Creed Shadows,300976,Assassin's Creed Shadows
Assassin's Creed Syndicate,8263,Assassin's Creed Syndicate
Assassin's Creed Unity,5606,Assassin's Creed Unity
Assassin's Creed Valhalla,133004,Assassin's Creed Valhalla
Astro Bot,303811,Astro Bot
Balatro,251833,Balatro
Baldur's Gate 3 Deluxe Edition,279660,Baldur's Gate 3: Deluxe Edition
Baldur's Gate II Shadows of Amn,6,Baldur's Gate II: Shadows of Amn
Bastion,1983,Bastion
Batman Arkham Asylum,500,Batman: Arkham Asylum
Batman Arkham City,501,Batman: Arkham City
Batman Arkham Knight - Rocksteady Themed Batmobile Skin,26045,Batman: Arkham Knight - Rocksteady Themed Batmobile Skin
Battlefield 1,18320,Battlefield 1
Battlefield 1942,240,Battlefield 1942
Battlefield 2,277,Battlefield 2
Battlefield 2042,125166,Battlefield 2042
Battlefield 3,343,Battlefield 3
Battlefield 4,1979,Battlefield 4
Battlefield Bad Company 2,352,Battlefield: Bad Company 2
Bayonetta 2,279336,Bayonetta 2
Beyond Good & Evil,1341,Beyond Good & Evil
BioShock 2,21,BioShock 2
BioShock Infinite,538,BioShock Infinite
Black Myth Wukong,136879,Black Myth: Wukong
Bloodborne,7334,Bloodborne
Borderlands 4,314246,Borderlands 4
Braid,2853,Braid
Broforce,5973,Broforce
Brothers A Tale of Two Sons,1334,Brothers: A Tale of Two Sons
Bully,2720,Bully
Call of Duty Black Ops,545,Call of Duty: Black Ops
Call of Duty Infinite Warfare,18968,Call of Duty: Infinite Warfare
Call of Duty Modern Warfare,119177,Call of Duty: Modern Warfare
Carrion,90055,Carrion
Celeste,26226,Celeste
Citizen Sleeper 2 Starward Vector,252853,Citizen Sleeper 2: Starward Vector
Clair Obscur Expedition 33,305152,Clair Obscur: Expedition 33
Cocoon,204627,Cocoon
Code Vein,28168,Code Vein
Company of Heroes,654,Company of Heroes
Control,103329,Control
Counter-Strike,241,Counter-Strike
Counter-Strike 2,242408,Counter-Strike 2
Counter-Strike Condition Zero,297,Counter-Strike: Condition Zero
Counter-Strike Global Offensive,1372,Counter-Strike: Global Offensive
Counter-Strike Source,307,Counter-Strike: Source
Crysis,296,Crysis
Cult of the Lamb,165351,Cult of the Lamb
Cuphead,9061,Cuphead
Cyberpunk 2077,1877,Cyberpunk 2077
Dark Souls,2155,Dark Souls
Dark Souls II,2368,Dark Souls II
Dark Souls II Scholar of the First Sin,8222,Dark Souls II: Scholar of the First Sin
Dark Souls III,11133,Dark Souls III
Dark Souls Remastered,81085,Dark Souls: Remastered
Dave the Diver,203722,Dave the Diver
Dead Cells,26855,Dead Cells
Dead Rising 4 Capcom Heroes,202965,Dead Rising 4: Capcom Heroes
Dead Space,131931,Dead Space
Dead Space 2,38,Dead Space 2
Death Stranding,19564,Death Stranding
Death Stranding 2 On the Beach,228530,Death Stranding 2: On the Beach
Death's Door,145099,Death's Door
Deathloop,113598,Deathloop
Demon's Souls,134606,Demon's Souls
Destiny 2 Bungie 30th Anniversary Pack,166068,Destiny 2: Bungie 30th Anniversary Pack
Deus Ex,41,Deus Ex
Deus Ex Human Revolution,43,Deus Ex: Human Revolution
Devil May Cry,302713,Devil May Cry
Diablo II,126,Diablo II
Diablo IV,125165,Diablo IV
Disco Elysium,26472,Disco Elysium
Dishonored,533,Dishonored
Don't Starve,3152,Don't Starve
Doom,7351,Doom
Doom Eternal,103298,Doom Eternal
Dota 2,2963,Dota 2
Dragon Age II,78,Dragon Age II
Dragon Age Inquisition,1887,Dragon Age: Inquisition
Dragon Age Origins,76,Dragon Age: Origins
Dragon Ball FighterZ,36911,Dragon Ball FighterZ
Dragon's Dogma,3968,Dragon's Dogma
Editor's Hell,221176,Editor's Hell
Elden Ring,119133,Elden Ring
Fable,2960,Fable
Fable II,522,Fable II
Fallout 3,15,Fallout 3
Fallout 4,9630,Fallout 4
Fallout New Vegas,16,Fallout: New Vegas
Far Cry,306,Far Cry
Far Cry 2,361,Far Cry 2
Far Cry 3,529,Far Cry 3
Far Cry 4,6801,Far Cry 4
Far Cry 5,28552,Far Cry 5
Fez,1991,Fez
Final Fantasy,121688,Final Fantasy
Final Fantasy IX,340349,Final Fantasy IX
Final Fantasy VII,207026,Final Fantasy VII
Fire Emblem Fates Conquest,21863,Fire Emblem Fates: Conquest
Firewatch,9730,Firewatch
Forza Horizon,3047,Forza Horizon
Forza Horizon 2,7326,Forza Horizon 2
Forza Horizon 3,19539,Forza Horizon 3
Forza Horizon 4,82090,Forza Horizon 4
Forza Horizon 5,141503,Forza Horizon 5
Forza Motorsport,78511,Forza Motorsport
Forza Motorsport 3,3069,Forza Motorsport 3
FTL Faster Than Light,3075,FTL: Faster Than Light
Garry's Mod,3278,Garry's Mod
Gears of War,547,Gears of War
Gears of War 2,548,Gears of War 2
Ghost of Yotei,317627,Ghost of Yotei
God of War,19560,God of War
God of War II,551,God of War II
God of War III,499,God of War III
God of War Ragnarök,112875,God of War Ragnarök
Gran Turismo 5,1602,Gran Turismo 5
Gran Turismo 7,101006,Gran Turismo 7
Grand Theft Auto,980,Grand Theft Auto
Grand Theft Auto 2,819,Grand Theft Auto 2
Grand Theft Auto Alien City,231619,Grand Theft Auto: Alien City
Grand Theft Auto III,730,Grand Theft Auto III
Grand Theft Auto IV,731,Grand Theft Auto IV
Grand Theft Auto IV The Ballad of Gay Tony,3174,Grand Theft Auto IV: The Ballad of Gay Tony
Grand Theft Auto IV The Lost and Damned,3265,Grand Theft Auto IV: The Lost and Damned
Grand Theft Auto San Andreas,732,Grand Theft Auto: San Andreas
Grand Theft Auto V,239064,Grand Theft Auto V
Grand Theft Auto Vice City,733,Grand Theft Auto: Vice City
Grand Theft Auto Vice City Stories,3262,Grand Theft Auto: Vice City Stories
Gris,22917,Gris
Guild Wars 2,1183,Guild Wars 2
Guitar Hero,210101,Guitar Hero
Hades,113112,Hades
Half-Life,231,Half-Life
Half-Life 2,233,Half-Life 2
Half-Life 2 Episode One,338,Half-Life 2: Episode One
Half-Life 2 Episode Two,247,Half-Life 2: Episode Two
Half-Life 2 Lost Coast,10395,Half-Life 2: Lost Coast
Half-Life Alyx,126098,Half-Life: Alyx
Half-Life Blue Shift,2549,Half-Life: Blue Shift
Half-Life Opposing Force,232,Half-Life: Opposing Force
Halo 2,986,Halo 2
Halo 3,987,Halo 3
Halo 4,991,Halo 4
Halo 5 Guardians,6803,Halo 5: Guardians
Halo Combat Evolved,740,Halo: Combat Evolved
Halo Infinite,103281,Halo Infinite
Halo Reach,990,Halo: Reach
Heavy Rain,493,Heavy Rain
Hellblade Senua's Sacrifice,7603,Hellblade: Senua's Sacrifice
Helldivers 2,250616,Helldivers 2
Her Story,11346,Her Story
Hollow Knight,14593,Hollow Knight
Horizon Forbidden West,112874,Horizon Forbidden West
Horizon Zero Dawn,11156,Horizon Zero Dawn
Hotline Miami,1384,Hotline Miami
Hyper Light Drifter,9806,Hyper Light Drifter
Inscryption,139090,Inscryption
Inside,7342,Inside
Into the Breach,27117,Into the Breach
It Takes Two,135243,It Takes Two
Jak II,1529,Jak II
Jetz Rampage 4 Revenge,361279,Jetz Rampage 4: Revenge
Journey,1352,Journey
Kingdom Hearts,301925,Kingdom Hearts
Kingdom Hearts II,1221,Kingdom Hearts II
L.A. Noire,109,L.A. Noire
Launched!,132408,Launched!
Left 4 Dead 2,124,Left 4 Dead 2
Life is Strange,7599,Life is Strange
Like a Dragon Infinite Wealth - Master Vacation Bundle,288217,Like a Dragon: Infinite Wealth - Master Vacation Bundle
Limbo,1331,Limbo
Little Nightmares,9174,Little Nightmares
LittleBigPlanet,21911,LittleBigPlanet
Loop Hero,141533,Loop Hero
Mafia The Old Country,314276,Mafia: The Old Country
Manhunt,1971,Manhunt
Marathon,8709,Marathon
Mario Kart,221269,Mario Kart
Mario Kart 64,2342,Mario Kart 64
Mario Kart 8 Deluxe,26764,Mario Kart 8 Deluxe
Mario Kart Double Dash!!,2344,Mario Kart: Double Dash!!
Mario Kart Wii,2183,Mario Kart Wii
Mark of the Ninja,2129,Mark of the Ninja
Marvel's Guardians of the Galaxy,152249,Marvel's Guardians of the Galaxy
Marvel's Spider-Man,19565,Marvel's Spider-Man
Marvel's Spider-Man 2,127044,Marvel's Spider-Man 2
Marvel's Spider-Man Miles Morales,134581,Marvel's Spider-Man: Miles Morales
Mass Effect,131436,Mass Effect
Mass Effect 2,74,Mass Effect 2
Mass Effect 3,245478,Mass Effect 3
Max Payne,196251,Max Payne
Max Payne 2 The Fall of Max Payne,19,Max Payne 2: The Fall of Max Payne
Max Payne 3,960,Max Payne 3
Metal Gear Solid,375,Metal Gear Solid
Metal Gear Solid 2 Sons of Liberty,376,Metal Gear Solid 2: Sons of Liberty
Metal Gear Solid Snake Eater 3D,21073,Metal Gear Solid: Snake Eater 3D
Metal Gear Solid V The Phantom Pain,1985,Metal Gear Solid V: The Phantom Pain
Metroid Dread,323061,Metroid Dread
Metroid Prime,1105,Metroid Prime
Mewgenics,8042,Mewgenics
Middle-earth Shadow of Mordor,3025,Middle-earth: Shadow of Mordor
Monster Hunter,352353,Monster Hunter
My Nintendo Picross The Legend of Zelda Twilight Princess,58782,My Nintendo Picross: The Legend of Zelda Twilight Princess
Naruto Shippuden Ultimate Ninja Storm 4,11059,Naruto Shippuden: Ultimate Ninja Storm 4
Need for Speed Edge,25635,Need for Speed: Edge
Neva,250621,Neva
Ni no Kuni Wrath of the White Witch,1864,Ni no Kuni: Wrath of the White Witch
Night in the Woods,10148,Night in the Woods
No Man's Sky,3225,No Man's Sky
Onimusha Way of the Sword,325602,Onimusha: Way of the Sword
Option Monster,266488,Option Monster
Outer Wilds,11737,Outer Wilds
Outlast,1910,Outlast
Overwatch,125174,Overwatch
Page One,161595,Page One
"Papers, Please",2935,"Papers, Please"
Perfect Dark,1463,Perfect Dark
Persona 3 Reload,252647,Persona 3 Reload
Persona 5 Dancing in Starlight - Atlus Selection Set,362255,Persona 5: Dancing in Starlight - Atlus Selection Set
Pokémon Scarlet and Pokémon Violet Double Pack,203516,Pokémon Scarlet and Pokémon Violet Double Pack
Pokémon X,2286,Pokémon X
Portal,71,Portal
Portal 2,72,Portal 2
Pragmata,134612,Pragmata
Prince of Persia The Sands of Time,836,Prince of Persia: The Sands of Time
PUBG Battlegrounds,27789,PUBG: Battlegrounds
Ratchet & Clank Rift Apart,134582,Ratchet & Clank: Rift Apart
Rayman Legends,1968,Rayman Legends
Rayman Origins,981,Rayman Origins
Red Dead Redemption,434,Red Dead Redemption
Red Dead Redemption 2,25076,Red Dead Redemption 2
Resident Evil,288943,Resident Evil
Resident Evil 2,19686,Resident Evil 2
Resident Evil 4,20065,Resident Evil 4
Resident Evil 5 e-Capcom Limited Edition,145197,Resident Evil 5: e-Capcom Limited Edition
Resident Evil Requiem,347668,Resident Evil Requiem
Resident Evil Village & Resident Evil 7 Complete Bundle,142813,Resident Evil Village & Resident Evil 7 Complete Bundle
Resistance Fall of Man,1278,Resistance: Fall of Man
Return of the Obra Dinn,9643,Return of the Obra Dinn
Rise of the Tomb Raider,7323,Rise of the Tomb Raider
Rise of the Triad,2381,Rise of the Triad
Rocket League,11198,Rocket League
Rogue Legacy,3221,Rogue Legacy
Sable,79995,Sable
Saints Row,198113,Saints Row
Saros,331215,Saros
Sea of Stars,131890,Sea of Stars
Sekiro Shadows Die Twice,76882,Sekiro: Shadows Die Twice
Shadow of the Colossus,139896,Shadow of the Colossus
Shadow of the Ninja Reborn,262137,Shadow of the Ninja Reborn
Shovel Knight,7444,Shovel Knight
Sid Meier's Civilization VII VR,330781,Sid Meier's Civilization VII: VR
Silent Hill 2,222341,Silent Hill 2
Slay the Spire,40477,Slay the Spire
Sleeping Dogs,1267,Sleeping Dogs
Soma,9727,Soma
South Park The Fractured But Whole,11161,South Park: The Fractured But Whole
Spiritfarer,119304,Spiritfarer
Splatoon,7335,Splatoon
Splinter Cell Blacklist Spider-Bot,344900,Splinter Cell: Blacklist Spider-Bot
Star Wars,12858,Star Wars
Star Wars Battlefront II,142,Star Wars: Battlefront II
Star Wars The Clone Wars,3760,Star Wars: The Clone Wars
StarCraft II Wings of Liberty,239,StarCraft II: Wings of Liberty
Stardew Valley,17000,Stardew Valley
Starfield,96437,Starfield
Stray,110248,Stray
Super Mario 3D World and Nintendo Land Bundle,231707,Super Mario 3D World and Nintendo Land Bundle
Super Mario 64,1074,Super Mario 64
Super Mario Bros. 2,1067,Super Mario Bros. 2
Super Mario Bros. 3,1068,Super Mario Bros. 3
Super Mario Galaxy,229246,Super Mario Galaxy
Super Mario Galaxy 2,1078,Super Mario Galaxy 2
Super Mario Odyssey,26758,Super Mario Odyssey
Super Mario Sunshine,229177,Super Mario Sunshine
Super Mario World,1070,Super Mario World
Super Mario World 2 Yoshi's Island,1073,Super Mario World 2: Yoshi's Island
Super Meat Boy,885,Super Meat Boy
Super Metroid,1103,Super Metroid
Super Smash Bros. for Nintendo 3DS,9621,Super Smash Bros. for Nintendo 3DS
Super Smash Bros. for Wii U,9602,Super Smash Bros. for Wii U
Super Smash Bros. Melee 20XX Edition,165116,Super Smash Bros. Melee: 20XX Edition
Super Smash Bros. Ultimate,90101,Super Smash Bros. Ultimate
Syberia II,6185,Syberia II
Team Fortress 2,891,Team Fortress 2
Tekken 7,7498,Tekken 7
Terraria,1879,Terraria
The Binding of Isaac,2132,The Binding of Isaac
The Dark Pictures Anthology Man of Medan,55047,The Dark Pictures Anthology: Man of Medan
The Elder Scrolls III Morrowind,56,The Elder Scrolls III: Morrowind
The Elder Scrolls IV Oblivion,59,The Elder Scrolls IV: Oblivion
The Elder Scrolls V Skyrim,37034,The Elder Scrolls V: Skyrim
The Last of Us,1009,The Last of Us
The Last of Us Part I,204350,The Last of Us Part I
The Last of Us Part II,26192,The Last of Us Part II
The Last of Us Remastered,6036,The Last of Us Remastered
The Legend of Zelda,1022,The Legend of Zelda
The Legend of Zelda A Link Between Worlds,2909,The Legend of Zelda: A Link Between Worlds
The Legend of Zelda A Link to the Past,1026,The Legend of Zelda: A Link to the Past
The Legend of Zelda Breath of the Wild,7346,The Legend of Zelda: Breath of the Wild
The Legend of Zelda Breath of the Wild - Nintendo Switch 2 Edition,338072,The Legend of Zelda: Breath of the Wild - Nintendo Switch 2 Edition
The Legend of Zelda Majora's Mask,1030,The Legend of Zelda: Majora's Mask
The Legend of Zelda Ocarina of Time,1029,The Legend of Zelda: Ocarina of Time
The Legend of Zelda Shénqí de Màozi,163217,The Legend of Zelda: Shénqí de Màozi
The Legend of Zelda Tears of the Kingdom,119388,The Legend of Zelda: Tears of the Kingdom
The Legend of Zelda Tears of the Kingdom - Nintendo Switch 2 Edition,338073,The Legend of Zelda: Tears of the Kingdom - Nintendo Switch 2 Edition
The Legend of Zelda The Wind Waker,1033,The Legend of Zelda: The Wind Waker
The Legend of Zelda Twilight Princess,1036,The Legend of Zelda: Twilight Princess
The Outer Worlds,113114,The Outer Worlds
The Sims,223,The Sims
The Sims 2,225246,The Sims 2
The Stanley Parable,3035,The Stanley Parable
The Walking Dead,1871,The Walking Dead
The Witcher 2 Assassins of Kings,478,The Witcher 2: Assassins of Kings
The Witcher 3 Wild Hunt,1942,The Witcher 3: Wild Hunt
The Witness,5601,The Witness
This War of Mine,7706,This War of Mine
Titanfall 2,17447,Titanfall 2
Title Fight,269261,Title Fight
Tom Clancy's Rainbow Six,249139,Tom Clancy's Rainbow Six
Tom Clancy's Rainbow Six Vegas,314292,Tom Clancy's Rainbow Six: Vegas
Tom Clancy's Splinter Cell Chaos Theory,911,Tom Clancy's Splinter Cell: Chaos Theory
Tom Clancy's The Division,2114,Tom Clancy's The Division
Tomb Raider,912,Tomb Raider
Tony Hawk's Pro Skater 2,229891,Tony Hawk's Pro Skater 2
Transistor,3022,Transistor
Tunic,23733,Tunic
Uncharted 2 Among Thieves,565,Uncharted 2: Among Thieves
Uncharted 3 Drake's Deception,512,Uncharted 3: Drake's Deception
Uncharted 4 A Thief's End,7331,Uncharted 4: A Thief's End
Uncharted Drake's Fortune,431,Uncharted: Drake's Fortune
Undertale,12517,Undertale
Untitled Goose Game,72813,Untitled Goose Game
Valheim,104967,Valheim
Valiant Hearts The Great War,7327,Valiant Hearts: The Great War
Vampire Survivors,186725,Vampire Survivors
Viewfinder,142549,Viewfinder
Warcraft III Reign of Chaos,132,Warcraft III: Reign of Chaos
"Warhammer 40,000 Space Wolf",30283,"Warhammer 40,000: Space Wolf"
What Remains of Edith Finch,11233,What Remains of Edith Finch
XCOM Enemy Unknown,1318,XCOM: Enemy Unknown
Xenoblade Chronicles 3,191411,Xenoblade Chronicles 3
